facility_id,callsign,service,frequency,licensee_fcc_query_2026,community_of_license,licensed_application_ids,contour_dbu,residents_low,residents_est,residents_high,share_est,geo_status,report_file,workbook,row_t12,row_t34,licensee_in_report,callsign_in_report,evidence,entity_type,policy_research,policy_certified,contour_source,ownership_source
58830,KALW,FM,91.7,SAN FRANCISCO UNIFIED SCHOOL DISTRICT,SAN FRANCISCO,201902081,60,440646,440646,440646,1,qualifies,FM Noncommercial,fcc323e_2023/323-E Spreadsheets/FM Noncommercial.xlsx,1646,1646,SAN FRANCISCO UNIFIED SCHOOL DISTRICT,KALW,no reported majority minority or women interest,nonprofit or public body (noncommercial licensee),not established from these sources,not applicable: nonprofit or public body,FCC daily file of 2026-09-26 (active records): https://transition.fcc.gov/bureaus/mb/databases/map/FM_service_contour_current.zip,"FCC Form 323 report tables, data as of 2023-10-01 (released Jan 2025): https://www.fcc.gov/sites/default/files/323-e-spreadsheets.zip"
28670,KBLX-FM,FM,102.9,BONNEVILLE INTERNATIONAL CORPORATION,BERKELEY,201412191,54,440646,440646,440646,1,qualifies,FM Commercial,fcc323_2023/323 Spreadsheets/FM Commercial.xlsx,2000,2000,BONNEVILLE INTERNATIONAL CORPORATION,KBLX-FM,no reported majority minority or women interest,commercial licensee,not established from these sources,not established from these sources,FCC daily file of 2026-09-26 (active records): https://transition.fcc.gov/bureaus/mb/databases/map/FM_service_contour_current.zip,"FCC Form 323 report tables, data as of 2023-10-01 (released Jan 2025): https://www.fcc.gov/sites/default/files/323-spreadsheets.zip"
68839,KBRG,FM,100.3,"UNIVISION RADIO STATIONS GROUP, INC.",SAN JOSE,199805048,54,440646,440646,440646,1,qualifies,FM Commercial,fcc323_2023/323 Spreadsheets/FM Commercial.xlsx,4848,4848,UNIVISION RADIO STATIONS GROUP INC.,KBRG,no reported majority minority or women interest,commercial licensee,not established from these sources,not established from these sources,FCC daily file of 2026-09-26 (active records): https://transition.fcc.gov/bureaus/mb/databases/map/FM_service_contour_current.zip,"FCC Form 323 report tables, data as of 2023-10-01 (released Jan 2025): https://www.fcc.gov/sites/default/files/323-spreadsheets.zip"
58913,KCSM,FM,91.1,SAN MATEO COUNTY COMMUNITY COLLEGE DISTRICT,SAN MATEO,201009210,60,440646,440646,440646,1,qualifies,FM Noncommercial,fcc323e_2023/323-E Spreadsheets/FM Noncommercial.xlsx,1654,1654,SAN MATEO COUNTY COMMUNITY COLLEGE DISTRICT,KCSM,no reported majority minority or women interest,nonprofit or public body (noncommercial licensee),not established from these sources,not applicable: nonprofit or public body,FCC daily file of 2026-09-26 (active records): https://transition.fcc.gov/bureaus/mb/databases/map/FM_service_contour_current.zip,"FCC Form 323 report tables, data as of 2023-10-01 (released Jan 2025): https://www.fcc.gov/sites/default/files/323-e-spreadsheets.zip"
36029,KEXC,FM,92.7,FRIENDS OF KEXP,ALAMEDA,235284,60,440646,440646,440646,1,qualifies,FM Commercial,fcc323_2023/323 Spreadsheets/FM Commercial.xlsx,2535,2535,BANKRUPTCY ESTATE OF GOLDEN STATE BROADCASTING LLC,KREV,"unresolved: the FCC marks this filing ""insufficient data""","nonprofit (IRS exempt organization, 501(c)(3), EIN 91-2061474 (IRS data via ProPublica Nonprofit Explorer, retrieved 2026-09-27))",needs confirmation,not applicable: nonprofit or public body,FCC daily file of 2026-09-26 (active records): https://transition.fcc.gov/bureaus/mb/databases/map/FM_service_contour_current.zip,"FCC Form 323 report tables, data as of 2023-10-01 (released Jan 2025): https://www.fcc.gov/sites/default/files/323-spreadsheets.zip"
20897,KFRC-FM,FM,106.9,"AUDACY LICENSE, LLC",SAN FRANCISCO,200508115,54,440646,440646,440646,1,qualifies,FM Commercial,fcc323_2023/323 Spreadsheets/FM Commercial.xlsx,1500,1500,AUDACY LICENSE LLC,KFRC-FM,no reported majority minority or women interest,commercial licensee,not established from these sources,not established from these sources,FCC daily file of 2026-09-26 (active records): https://transition.fcc.gov/bureaus/mb/databases/map/FM_service_contour_current.zip,"FCC Form 323 report tables, data as of 2023-10-01 (released Jan 2025): https://www.fcc.gov/sites/default/files/323-spreadsheets.zip"
25446,KGMZ-FM,FM,95.7,"AUDACY LICENSE, LLC",SAN FRANCISCO,199309143,54,440646,440646,440646,1,qualifies,FM Commercial,fcc323_2023/323 Spreadsheets/FM Commercial.xlsx,1779,1779,AUDACY LICENSE LLC,KGMZ-FM,no reported majority minority or women interest,commercial licensee,not established from these sources,not established from these sources,FCC daily file of 2026-09-26 (active records): https://transition.fcc.gov/bureaus/mb/databases/map/FM_service_contour_current.zip,"FCC Form 323 report tables, data as of 2023-10-01 (released Jan 2025): https://www.fcc.gov/sites/default/files/323-spreadsheets.zip"
34930,KIOI,FM,101.3,"IHM LICENSES, LLC",SAN FRANCISCO,62256,54,440646,440646,440646,1,qualifies,FM Commercial,fcc323_2023/323 Spreadsheets/FM Commercial.xlsx,2376,2376,IHM LICENSES LLC,KIOI,no reported majority minority or women interest,commercial licensee,not established from these sources,not established from these sources,FCC daily file of 2026-09-26 (active records): https://transition.fcc.gov/bureaus/mb/databases/map/FM_service_contour_current.zip,"FCC Form 323 report tables, data as of 2023-10-01 (released Jan 2025): https://www.fcc.gov/sites/default/files/323-spreadsheets.zip"
59964,KISQ,FM,98.1,"IHM LICENSES, LLC",SAN FRANCISCO,200403150,54,440646,440646,440646,1,qualifies,FM Commercial,fcc323_2023/323 Spreadsheets/FM Commercial.xlsx,4169,4169,IHM LICENSES LLC,KISQ,no reported majority minority or women interest,commercial licensee,not established from these sources,not established from these sources,FCC daily file of 2026-09-26 (active records): https://transition.fcc.gov/bureaus/mb/databases/map/FM_service_contour_current.zip,"FCC Form 323 report tables, data as of 2023-10-01 (released Jan 2025): https://www.fcc.gov/sites/default/files/323-spreadsheets.zip"
18510,KITS,FM,105.3,"AUDACY LICENSE, LLC",SAN FRANCISCO,62406,54,440646,440646,440646,1,qualifies,FM Commercial,fcc323_2023/323 Spreadsheets/FM Commercial.xlsx,1349,1349,AUDACY LICENSE LLC,KITS,no reported majority minority or women interest,commercial licensee,not established from these sources,not established from these sources,FCC daily file of 2026-09-26 (active records): https://transition.fcc.gov/bureaus/mb/databases/map/FM_service_contour_current.zip,"FCC Form 323 report tables, data as of 2023-10-01 (released Jan 2025): https://www.fcc.gov/sites/default/files/323-spreadsheets.zip"
9624,KLLC,FM,97.3,"AUDACY LICENSE, LLC",SAN FRANCISCO,200808188,54,440646,440646,440646,1,qualifies,FM Commercial,fcc323_2023/323 Spreadsheets/FM Commercial.xlsx,697,697,AUDACY LICENSE LLC,KLLC,no reported majority minority or women interest,commercial licensee,not established from these sources,not established from these sources,FCC daily file of 2026-09-26 (active records): https://transition.fcc.gov/bureaus/mb/databases/map/FM_service_contour_current.zip,"FCC Form 323 report tables, data as of 2023-10-01 (released Jan 2025): https://www.fcc.gov/sites/default/files/323-spreadsheets.zip"
69685,KLVS,FM,107.3,"K-LOVE, INC.",LIVERMORE,201612156,54,440646,440646,440646,1,qualifies,FM Noncommercial,fcc323e_2023/323-E Spreadsheets/FM Noncommercial.xlsx,2164,2164,SAN JOAQUIN BROADCASTING CO. NON-PROFIT CORPORATION,KLVS,unresolved: licensee name differs from the report,nonprofit or public body (noncommercial licensee),needs confirmation,not applicable: nonprofit or public body,FCC daily file of 2026-09-26 (active records): https://transition.fcc.gov/bureaus/mb/databases/map/FM_service_contour_current.zip,"FCC Form 323 report tables, data as of 2023-10-01 (released Jan 2025): https://www.fcc.gov/sites/default/files/323-e-spreadsheets.zip"
35121,KMEL,FM,106.1,"IHM LICENSES, LLC",SAN FRANCISCO,201108051,54,440646,440646,440646,1,qualifies,FM Commercial,fcc323_2023/323 Spreadsheets/FM Commercial.xlsx,2412,2412,IHM LICENSES LLC,KMEL,no reported majority minority or women interest,commercial licensee,not established from these sources,not established from these sources,FCC daily file of 2026-09-26 (active records): https://transition.fcc.gov/bureaus/mb/databases/map/FM_service_contour_current.zip,"FCC Form 323 report tables, data as of 2023-10-01 (released Jan 2025): https://www.fcc.gov/sites/default/files/323-spreadsheets.zip"
1084,KMVQ-FM,FM,99.7,BONNEVILLE INTERNATIONAL CORPORATION,SAN FRANCISCO,199204270,54,440646,440646,440646,1,qualifies,FM Commercial,fcc323_2023/323 Spreadsheets/FM Commercial.xlsx,95,95,BONNEVILLE INTERNATIONAL CORPORATION,KMVQ-FM,no reported majority minority or women interest,commercial licensee,not established from these sources,not established from these sources,FCC daily file of 2026-09-26 (active records): https://transition.fcc.gov/bureaus/mb/databases/map/FM_service_contour_current.zip,"FCC Form 323 report tables, data as of 2023-10-01 (released Jan 2025): https://www.fcc.gov/sites/default/files/323-spreadsheets.zip"
54770,KNBR-FM,FM,104.5,RADIO LICENSE HOLDING SRC LLC,SAN FRANCISCO,199806190,54,440646,440646,440646,1,qualifies,FM Commercial,fcc323_2023/323 Spreadsheets/FM Commercial.xlsx,3767,3767,RADIO LICENSE HOLDING SRC LLC,KNBR-FM,no reported majority minority or women interest,commercial licensee,not established from these sources,not established from these sources,FCC daily file of 2026-09-26 (active records): https://transition.fcc.gov/bureaus/mb/databases/map/FM_service_contour_current.zip,"FCC Form 323 report tables, data as of 2023-10-01 (released Jan 2025): https://www.fcc.gov/sites/default/files/323-spreadsheets.zip"
54773,KNBR-FM3,FB,104.5,RADIO LICENSE HOLDING SRC LLC,"PLEASANTON, ETC.",199101229,60,440646,440646,440646,1,"rebroadcast, not qualified",,,,,,,not assessed (rebroadcast facility),,out: geographic rule,out: geographic rule,FCC daily file of 2026-09-26 (active records): https://transition.fcc.gov/bureaus/mb/databases/map/FM_service_contour_current.zip,none in the 2023 report
6380,KOIT,FM,96.5,BONNEVILLE INTERNATIONAL CORPORATION,SAN FRANCISCO,201110041,54,440646,440646,440646,1,qualifies,FM Commercial,fcc323_2023/323 Spreadsheets/FM Commercial.xlsx,444,444,BONNEVILLE INTERNATIONAL CORPORATION,KOIT,no reported majority minority or women interest,commercial licensee,not established from these sources,not established from these sources,FCC daily file of 2026-09-26 (active records): https://transition.fcc.gov/bureaus/mb/databases/map/FM_service_contour_current.zip,"FCC Form 323 report tables, data as of 2023-10-01 (released Jan 2025): https://www.fcc.gov/sites/default/files/323-spreadsheets.zip"
65484,KOSF,FM,103.7,"IHM LICENSES, LLC",SAN FRANCISCO,201304290,54,440646,440646,440646,1,qualifies,FM Commercial,fcc323_2023/323 Spreadsheets/FM Commercial.xlsx,4601,4601,IHM LICENSES LLC,KOSF,no reported majority minority or women interest,commercial licensee,not established from these sources,not established from these sources,FCC daily file of 2026-09-26 (active records): https://transition.fcc.gov/bureaus/mb/databases/map/FM_service_contour_current.zip,"FCC Form 323 report tables, data as of 2023-10-01 (released Jan 2025): https://www.fcc.gov/sites/default/files/323-spreadsheets.zip"
51246,KPFA,FM,94.1,"PACIFICA FOUNDATION, INC.",BERKELEY,197911089,54,440646,440646,440646,1,qualifies,FM Noncommercial,fcc323e_2023/323-E Spreadsheets/FM Noncommercial.xlsx,1432,1432,PACIFICA FOUNDATION INC.,KPFA,reported board majority,nonprofit or public body (noncommercial licensee),"in: reported board majority, nonprofit",not applicable: nonprofit or public body,FCC daily file of 2026-09-26 (active records): https://transition.fcc.gov/bureaus/mb/databases/map/FM_service_contour_current.zip,"FCC Form 323 report tables, data as of 2023-10-01 (released Jan 2025): https://www.fcc.gov/sites/default/files/323-e-spreadsheets.zip"
35501,KQED-FM,FM,88.5,KQED INC.,SAN FRANCISCO,199711247,60,440646,440646,440646,1,qualifies,FM Noncommercial,fcc323e_2023/323-E Spreadsheets/FM Noncommercial.xlsx,1004,1004,KQED INC.,KQED-FM,reported board majority,nonprofit or public body (noncommercial licensee),"in: reported board majority, nonprofit",not applicable: nonprofit or public body,FCC daily file of 2026-09-26 (active records): https://transition.fcc.gov/bureaus/mb/databases/map/FM_service_contour_current.zip,"FCC Form 323 report tables, data as of 2023-10-01 (released Jan 2025): https://www.fcc.gov/sites/default/files/323-e-spreadsheets.zip"
65486,KRBQ,FM,102.1,"AUDACY LICENSE, LLC",SAN FRANCISCO,201205302,54,440646,440646,440646,1,qualifies,FM Commercial,fcc323_2023/323 Spreadsheets/FM Commercial.xlsx,4602,4602,AUDACY LICENSE LLC,KRBQ,no reported majority minority or women interest,commercial licensee,not established from these sources,not established from these sources,FCC daily file of 2026-09-26 (active records): https://transition.fcc.gov/bureaus/mb/databases/map/FM_service_contour_current.zip,"FCC Form 323 report tables, data as of 2023-10-01 (released Jan 2025): https://www.fcc.gov/sites/default/files/323-spreadsheets.zip"
137626,KRBQ-FM2,FB,102.1,"AUDACY LICENSE, LLC",SAN FRANCISCO,200602090,60,440646,440646,440646,1,"rebroadcast, not qualified",,,,,,,not assessed (rebroadcast facility),,out: geographic rule,out: geographic rule,FCC daily file of 2026-09-26 (active records): https://transition.fcc.gov/bureaus/mb/databases/map/FM_service_contour_current.zip,none in the 2023 report
1092,KRZZ,FM,93.3,"KRZZ LICENSING, LLC",SAN FRANCISCO,201101050,54,440646,440646,440646,1,qualifies,FM Commercial,fcc323_2023/323 Spreadsheets/FM Commercial.xlsx,99,99,KRZZ LICENSING LLC,KRZZ,reported ownership majority,commercial licensee,"in: reported ownership, not certified",needs confirmation: certification not established,FCC daily file of 2026-09-26 (active records): https://transition.fcc.gov/bureaus/mb/databases/map/FM_service_contour_current.zip,"FCC Form 323 report tables, data as of 2023-10-01 (released Jan 2025): https://www.fcc.gov/sites/default/files/323-spreadsheets.zip"
14484,KSAN,FM,107.7,RADIO LICENSE HOLDING SRC LLC,SAN MATEO,199207162,54,440646,440646,440646,1,qualifies,FM Commercial,fcc323_2023/323 Spreadsheets/FM Commercial.xlsx,1061,1061,RADIO LICENSE HOLDING SRC LLC,KSAN,no reported majority minority or women interest,commercial licensee,not established from these sources,not established from these sources,FCC daily file of 2026-09-26 (active records): https://transition.fcc.gov/bureaus/mb/databases/map/FM_service_contour_current.zip,"FCC Form 323 report tables, data as of 2023-10-01 (released Jan 2025): https://www.fcc.gov/sites/default/files/323-spreadsheets.zip"
28878,KSAN-FM1,FB,107.7,RADIO LICENSE HOLDING SRC LLC,"PLEASANTON, ETC.",199008039,60,440646,440646,440646,1,"rebroadcast, not qualified",,,,,,,not assessed (rebroadcast facility),,out: geographic rule,out: geographic rule,FCC daily file of 2026-09-26 (active records): https://transition.fcc.gov/bureaus/mb/databases/map/FM_service_contour_current.zip,none in the 2023 report
70032,KSOL,FM,98.9,"UNIVISION RADIO SAN FRANCISCO, INC.",SAN FRANCISCO,199907230,54,440646,440646,440646,1,qualifies,FM Commercial,fcc323_2023/323 Spreadsheets/FM Commercial.xlsx,4903,4903,UNIVISION RADIO SAN FRANCISCO INC.,KSOL,no reported majority minority or women interest,commercial licensee,not established from these sources,not established from these sources,FCC daily file of 2026-09-26 (active records): https://transition.fcc.gov/bureaus/mb/databases/map/FM_service_contour_current.zip,"FCC Form 323 report tables, data as of 2023-10-01 (released Jan 2025): https://www.fcc.gov/sites/default/files/323-spreadsheets.zip"
59989,KYLD,FM,94.9,"IHM LICENSES, LLC",SAN FRANCISCO,200804038,54,440646,440646,440646,1,qualifies,FM Commercial,fcc323_2023/323 Spreadsheets/FM Commercial.xlsx,4180,4180,IHM LICENSES LLC,KYLD,no reported majority minority or women interest,commercial licensee,not established from these sources,not established from these sources,FCC daily file of 2026-09-26 (active records): https://transition.fcc.gov/bureaus/mb/databases/map/FM_service_contour_current.zip,"FCC Form 323 report tables, data as of 2023-10-01 (released Jan 2025): https://www.fcc.gov/sites/default/files/323-spreadsheets.zip"
35401,KBAY,FM,94.5,ALPHA MEDIA LICENSEE LLC,GILROY,201103210,54,440186,440458,440576,1,qualifies,FM Commercial,fcc323_2023/323 Spreadsheets/FM Commercial.xlsx,2439,2439,ALPHA MEDIA LICENSEE LLC,KBAY,no reported majority minority or women interest,commercial licensee,not established from these sources,not established from these sources,FCC daily file of 2026-09-26 (active records): https://transition.fcc.gov/bureaus/mb/databases/map/FM_service_contour_current.zip,"FCC Form 323 report tables, data as of 2023-10-01 (released Jan 2025): https://www.fcc.gov/sites/default/files/323-spreadsheets.zip"
65415,KUFX,FM,98.5,BONNEVILLE INTERNATIONAL CORPORATION,SAN JOSE,200107111,54,436798,438075,438680,0.994,qualifies,FM Commercial,fcc323_2023/323 Spreadsheets/FM Commercial.xlsx,4597,4597,BONNEVILLE INTERNATIONAL CORPORATION,KUFX,no reported majority minority or women interest,commercial licensee,not established from these sources,not established from these sources,FCC daily file of 2026-09-26 (active records): https://transition.fcc.gov/bureaus/mb/databases/map/FM_service_contour_current.zip,"FCC Form 323 report tables, data as of 2023-10-01 (released Jan 2025): https://www.fcc.gov/sites/default/files/323-spreadsheets.zip"
68999,KALX,FM,90.7,REGENTS OF THE UNIVERSITY OF CALIFORNIA,BERKELEY,198207122,60,428759,431534,434314,0.979,qualifies,FM Noncommercial,fcc323e_2023/323-E Spreadsheets/FM Noncommercial.xlsx,2083,2083,REGENTS OF THE UNIVERSITY OF CALIFORNIA,KALX,no reported majority minority or women interest,nonprofit or public body (noncommercial licensee),not established from these sources,not applicable: nonprofit or public body,FCC daily file of 2026-09-26 (active records): https://transition.fcc.gov/bureaus/mb/databases/map/FM_service_contour_current.zip,"FCC Form 323 report tables, data as of 2023-10-01 (released Jan 2025): https://www.fcc.gov/sites/default/files/323-e-spreadsheets.zip"
19532,KVVF,FM,105.7,"UNIVISION RADIO STATIONS GROUP, INC.",SANTA CLARA,199309143,54,420989,424219,427080,0.963,qualifies,FM Commercial,fcc323_2023/323 Spreadsheets/FM Commercial.xlsx,1408,1408,UNIVISION RADIO STATIONS GROUP INC.,KVVF,no reported majority minority or women interest,commercial licensee,not established from these sources,not established from these sources,FCC daily file of 2026-09-26 (active records): https://transition.fcc.gov/bureaus/mb/databases/map/FM_service_contour_current.zip,"FCC Form 323 report tables, data as of 2023-10-01 (released Jan 2025): https://www.fcc.gov/sites/default/files/323-spreadsheets.zip"
1176,KEZR,FM,106.5,ALPHA MEDIA LICENSEE LLC,SAN JOSE,200806250,54,421282,423069,425051,0.96,qualifies,FM Commercial,fcc323_2023/323 Spreadsheets/FM Commercial.xlsx,108,108,ALPHA MEDIA LICENSEE LLC,KEZR,no reported majority minority or women interest,commercial licensee,not established from these sources,not established from these sources,FCC daily file of 2026-09-26 (active records): https://transition.fcc.gov/bureaus/mb/databases/map/FM_service_contour_current.zip,"FCC Form 323 report tables, data as of 2023-10-01 (released Jan 2025): https://www.fcc.gov/sites/default/files/323-spreadsheets.zip"
40136,KVVZ,FM,100.7,"UNIVISION RADIO STATIONS GROUP, INC.",SAN RAFAEL,199801230,60,375983,380255,384679,0.863,qualifies,FM Commercial,fcc323_2023/323 Spreadsheets/FM Commercial.xlsx,2799,2799,UNIVISION RADIO STATIONS GROUP INC.,KVVZ,no reported majority minority or women interest,commercial licensee,not established from these sources,not established from these sources,FCC daily file of 2026-09-26 (active records): https://transition.fcc.gov/bureaus/mb/databases/map/FM_service_contour_current.zip,"FCC Form 323 report tables, data as of 2023-10-01 (released Jan 2025): https://www.fcc.gov/sites/default/files/323-spreadsheets.zip"
69143,KDFC,FM,90.3,UNIVERSITY OF SOUTHERN CALIFORNIA,SAN FRANCISCO,201201092,60,313566,322728,333371,0.732,qualifies,FM Noncommercial,fcc323e_2023/323-E Spreadsheets/FM Noncommercial.xlsx,2108,2108,UNIVERSITY OF SOUTHERN CALIFORNIA,KDFC,no reported majority minority or women interest,nonprofit or public body (noncommercial licensee),not established from these sources,not applicable: nonprofit or public body,FCC daily file of 2026-09-26 (active records): https://transition.fcc.gov/bureaus/mb/databases/map/FM_service_contour_current.zip,"FCC Form 323 report tables, data as of 2023-10-01 (released Jan 2025): https://www.fcc.gov/sites/default/files/323-e-spreadsheets.zip"
4117,KSJO,FM,92.3,SILICON VALLEY ASIAN MEDIA GROUP LLC,SAN JOSE,200802140,54,278600,282589,286003,0.641,qualifies,FM Commercial,fcc323_2023/323 Spreadsheets/FM Commercial.xlsx,303,303,SILICON VALLEY ASIAN MEDIA GROUP LLC,KSJO,reported ownership majority,commercial licensee,"in: reported ownership, not certified",needs confirmation: certification not established,FCC daily file of 2026-09-26 (active records): https://transition.fcc.gov/bureaus/mb/databases/map/FM_service_contour_current.zip,"FCC Form 323 report tables, data as of 2023-10-01 (released Jan 2025): https://www.fcc.gov/sites/default/files/323-spreadsheets.zip"
194853,KEXU-LP,FL,96.1,POOR MAGAZINE,OAKLAND,205766,60,273158,281830,291188,0.64,qualifies,,,,,,,unresolved: no row in the 2023 report (LPFM is not among the services that file biennial reports),nonprofit or public body (low power FM licensee),needs confirmation,not applicable: nonprofit or public body,FCC daily file of 2026-09-26 (active records): https://transition.fcc.gov/bureaus/mb/databases/map/FM_service_contour_current.zip,none in the 2023 report
191477,KGPC-LP,FL,96.9,PERALTA COMMUNITY COLLEGE DISTRICT,OAKLAND,201508190,60,255771,263032,269608,0.597,qualifies,,,,,,,unresolved: no row in the 2023 report (LPFM is not among the services that file biennial reports),nonprofit or public body (low power FM licensee),needs confirmation,not applicable: nonprofit or public body,FCC daily file of 2026-09-26 (active records): https://transition.fcc.gov/bureaus/mb/databases/map/FM_service_contour_current.zip,none in the 2023 report
18788,K205BM,FX,88.9,"K-LOVE, INC.",OAKLAND,201711037,60,216743,222734,226925,0.505,"rebroadcast, not qualified",,,,,,,not assessed (rebroadcast facility),,out: geographic rule,out: geographic rule,FCC daily file of 2026-09-26 (active records): https://transition.fcc.gov/bureaus/mb/databases/map/FM_service_contour_current.zip,none in the 2023 report
194047,KACR-LP,FL,96.1,ALAMEDA COMMUNITY RADIO,ALAMEDA,201708210,60,194074,207069,218888,0.47,"touches, below 50%",,,,,,,unresolved: no row in the 2023 report (LPFM is not among the services that file biennial reports),nonprofit or public body (low power FM licensee),out: geographic rule,out: geographic rule,FCC daily file of 2026-09-26 (active records): https://transition.fcc.gov/bureaus/mb/databases/map/FM_service_contour_current.zip,none in the 2023 report
195391,KJTZ-LP,FL,96.1,ALAMEDA UNIFIED SCHOOL DISTRICT,ALAMEDA,201703030,60,194074,207069,218888,0.47,"touches, below 50%",,,,,,,unresolved: no row in the 2023 report (LPFM is not among the services that file biennial reports),nonprofit or public body (low power FM licensee),out: geographic rule,out: geographic rule,FCC daily file of 2026-09-26 (active records): https://transition.fcc.gov/bureaus/mb/databases/map/FM_service_contour_current.zip,none in the 2023 report
791631,KLLC-FM3,FB,97.3,"AUDACY LICENSE, LLC",SAN FRANCISCO,267820,54,190647,196918,202438,0.447,"rebroadcast, not qualified",,,,,,,not assessed (rebroadcast facility),,out: geographic rule,out: geographic rule,FCC daily file of 2026-09-26 (active records): https://transition.fcc.gov/bureaus/mb/databases/map/FM_service_contour_current.zip,none in the 2023 report
791619,KITS-FM5,FB,105.3,"AUDACY LICENSE, LLC",ORINDA,267816,54,115162,120601,127771,0.274,"rebroadcast, not qualified",,,,,,,not assessed (rebroadcast facility),,out: geographic rule,out: geographic rule,FCC daily file of 2026-09-26 (active records): https://transition.fcc.gov/bureaus/mb/databases/map/FM_service_contour_current.zip,none in the 2023 report
67818,KKIQ,FM,101.7,ALPHA MEDIA LICENSEE LLC,LIVERMORE,201504060,60,73675,81125,87056,0.184,"touches, below 50%",FM Commercial,fcc323_2023/323 Spreadsheets/FM Commercial.xlsx,4775,4775,ALPHA MEDIA LICENSEE LLC,KKIQ,no reported majority minority or women interest,commercial licensee,out: geographic rule,out: geographic rule,FCC daily file of 2026-09-26 (active records): https://transition.fcc.gov/bureaus/mb/databases/map/FM_service_contour_current.zip,"FCC Form 323 report tables, data as of 2023-10-01 (released Jan 2025): https://www.fcc.gov/sites/default/files/323-spreadsheets.zip"
136936,KMEL-FM2,FB,106.1,"IHM LICENSES, LLC",WALNUT CREEK,200304080,60,69549,75426,82772,0.171,"rebroadcast, not qualified",,,,,,,not assessed (rebroadcast facility),,out: geographic rule,out: geographic rule,FCC daily file of 2026-09-26 (active records): https://transition.fcc.gov/bureaus/mb/databases/map/FM_service_contour_current.zip,none in the 2023 report
51243,KPFB,FM,89.3,"PACIFICA FOUNDATION, INC.",BERKELEY,199109091,60,53630,56824,60440,0.129,"touches, below 50%",FM Noncommercial,fcc323e_2023/323-E Spreadsheets/FM Noncommercial.xlsx,1430,1430,PACIFICA FOUNDATION INC.,KPFB,reported board majority,nonprofit or public body (noncommercial licensee),out: geographic rule,out: geographic rule,FCC daily file of 2026-09-26 (active records): https://transition.fcc.gov/bureaus/mb/databases/map/FM_service_contour_current.zip,"FCC Form 323 report tables, data as of 2023-10-01 (released Jan 2025): https://www.fcc.gov/sites/default/files/323-e-spreadsheets.zip"
144139,K229DD,FX,93.7,PHAM RADIO COMMUNICATION LLC,SAN FRANCISCO,120254,60,26717,29054,32277,0.066,"rebroadcast, not qualified",,,,,,,not assessed (rebroadcast facility),,out: geographic rule,out: geographic rule,FCC daily file of 2026-09-26 (active records): https://transition.fcc.gov/bureaus/mb/databases/map/FM_service_contour_current.zip,none in the 2023 report
762699,KOIT-FM4,FB,96.5,BONNEVILLE INTERNATIONAL CORPORATION,SAN FRANCISCO,189696,60,14775,18826,22015,0.043,"rebroadcast, not qualified",,,,,,,not assessed (rebroadcast facility),,out: geographic rule,out: geographic rule,FCC daily file of 2026-09-26 (active records): https://transition.fcc.gov/bureaus/mb/databases/map/FM_service_contour_current.zip,none in the 2023 report
156438,K257GE,FX,99.3,"LAZER LICENSES, LLC",SAN FRANCISCO,197524,60,13539,15459,17768,0.035,"rebroadcast, not qualified",,,,,,,not assessed (rebroadcast facility),,out: geographic rule,out: geographic rule,FCC daily file of 2026-09-26 (active records): https://transition.fcc.gov/bureaus/mb/databases/map/FM_service_contour_current.zip,none in the 2023 report
36032,KKDV,FM,92.1,ALPHA MEDIA LICENSEE LLC,WALNUT CREEK,200903259,60,10503,13544,16930,0.031,"touches, below 50%",FM Commercial,fcc323_2023/323 Spreadsheets/FM Commercial.xlsx,2537,2537,ALPHA MEDIA LICENSEE LLC,KKDV,no reported majority minority or women interest,commercial licensee,out: geographic rule,out: geographic rule,FCC daily file of 2026-09-26 (active records): https://transition.fcc.gov/bureaus/mb/databases/map/FM_service_contour_current.zip,"FCC Form 323 report tables, data as of 2023-10-01 (released Jan 2025): https://www.fcc.gov/sites/default/files/323-spreadsheets.zip"
762863,KBLX-FM3,FB,102.9,BONNEVILLE INTERNATIONAL CORPORATION,BERKELEY,189686,60,8731,11420,14934,0.026,"rebroadcast, not qualified",,,,,,,not assessed (rebroadcast facility),,out: geographic rule,out: geographic rule,FCC daily file of 2026-09-26 (active records): https://transition.fcc.gov/bureaus/mb/databases/map/FM_service_contour_current.zip,none in the 2023 report
762829,KMVQ-FM7,FB,99.7,BONNEVILLE INTERNATIONAL CORPORATION,SAN FRANCISCO,189694,60,7923,10622,13843,0.024,"rebroadcast, not qualified",,,,,,,not assessed (rebroadcast facility),,out: geographic rule,out: geographic rule,FCC daily file of 2026-09-26 (active records): https://transition.fcc.gov/bureaus/mb/databases/map/FM_service_contour_current.zip,none in the 2023 report
789869,KQED-FM1,FB,88.5,KQED INC.,SAN FRANCISCO,254536,60,7776,10197,13630,0.023,"rebroadcast, not qualified",,,,,,,not assessed (rebroadcast facility),,out: geographic rule,out: geographic rule,FCC daily file of 2026-09-26 (active records): https://transition.fcc.gov/bureaus/mb/databases/map/FM_service_contour_current.zip,none in the 2023 report
1083,KRZZ-FM1,FB,93.3,"KRZZ LICENSING, LLC","PLEASANTON, ETC.",199008039,60,1423,3005,4376,0.007,"rebroadcast, not qualified",,,,,,,not assessed (rebroadcast facility),,out: geographic rule,out: geographic rule,FCC daily file of 2026-09-26 (active records): https://transition.fcc.gov/bureaus/mb/databases/map/FM_service_contour_current.zip,none in the 2023 report
59990,KYLD-FM1,FB,94.9,"IHM LICENSES, LLC",PLEASANTON,199102019,60,1262,2534,3904,0.006,"rebroadcast, not qualified",,,,,,,not assessed (rebroadcast facility),,out: geographic rule,out: geographic rule,FCC daily file of 2026-09-26 (active records): https://transition.fcc.gov/bureaus/mb/databases/map/FM_service_contour_current.zip,none in the 2023 report
86911,KOSF-FM2,FB,103.7,"IHM LICENSES, LLC","PLEASANTON, ETC.",199902259,60,1262,2479,3904,0.006,"rebroadcast, not qualified",,,,,,,not assessed (rebroadcast facility),,out: geographic rule,out: geographic rule,FCC daily file of 2026-09-26 (active records): https://transition.fcc.gov/bureaus/mb/databases/map/FM_service_contour_current.zip,none in the 2023 report
14485,KSOL-FM3,FB,98.9,"UNIVISION RADIO SAN FRANCISCO, INC.",PLEASANTON,199703049,60,1262,2413,3786,0.005,"rebroadcast, not qualified",,,,,,,not assessed (rebroadcast facility),,out: geographic rule,out: geographic rule,FCC daily file of 2026-09-26 (active records): https://transition.fcc.gov/bureaus/mb/databases/map/FM_service_contour_current.zip,none in the 2023 report
53008,KPOO,FM,89.5,"POOR PEOPLE'S RADIO, INC.",SAN FRANCISCO,198003040,60,1425,2329,4455,0.005,"touches, below 50%",FM Noncommercial,fcc323e_2023/323-E Spreadsheets/FM Noncommercial.xlsx,1482,1482,POOR PEOPLE'S RADIO INC.,KPOO,reported board majority,nonprofit or public body (noncommercial licensee),out: geographic rule,out: geographic rule,FCC daily file of 2026-09-26 (active records): https://transition.fcc.gov/bureaus/mb/databases/map/FM_service_contour_current.zip,"FCC Form 323 report tables, data as of 2023-10-01 (released Jan 2025): https://www.fcc.gov/sites/default/files/323-e-spreadsheets.zip"
25447,KGMZ-FM2,FB,95.7,"AUDACY LICENSE, LLC",WALNUT CREEK,200204190,60,569,1508,3074,0.003,"rebroadcast, not qualified",,,,,,,not assessed (rebroadcast facility),,out: geographic rule,out: geographic rule,FCC daily file of 2026-09-26 (active records): https://transition.fcc.gov/bureaus/mb/databases/map/FM_service_contour_current.zip,none in the 2023 report
147348,K269FB,FX,101.7,"RELEVANT RADIO, INC.",SAN FRANCISCO,201801178,60,0,0,0,0,"rebroadcast, not qualified",,,,,,,not assessed (rebroadcast facility),,out: geographic rule,out: geographic rule,FCC daily file of 2026-09-26 (active records): https://transition.fcc.gov/bureaus/mb/databases/map/FM_service_contour_current.zip,none in the 2023 report
67660,KKIQ-FM1,FB,101.7,ALPHA MEDIA LICENSEE LLC,HAYWARD,201504101,60,0,0,0,0,"rebroadcast, not qualified",,,,,,,not assessed (rebroadcast facility),,out: geographic rule,out: geographic rule,FCC daily file of 2026-09-26 (active records): https://transition.fcc.gov/bureaus/mb/databases/map/FM_service_contour_current.zip,none in the 2023 report
